{"cameraMode":{"drawMode":0,"name":"Shaded","section":"Shading Mode"},"sceneLighting":true,"audioPlay":false,"sceneViewState":{"m_AlwaysRefresh":false,"showFog":true,"showSkybox":true,"showFlares":true,"showImageEffects":true,"showParticleSystems":true,"showVisualEffectGraphs":true,"m_FxEnabled":true},"in2DMode":false,"pivot":{"x":-0.2427191138267517,"y":1.6238970756530762,"z":-1.1120405197143555},"rotation":{"x":0.0060000792145729069,"y":0.9875087141990662,"z":-0.15259197354316712,"w":0.03882996737957001},"size":2.5124714374542238,"orthographic":false}