{"cameraMode":{"drawMode":0,"name":"Shaded","section":"Shading Mode"},"sceneLighting":true,"audioPlay":false,"sceneViewState":{"m_AlwaysRefresh":false,"showFog":true,"showSkybox":true,"showFlares":true,"showImageEffects":true,"showParticleSystems":true,"showVisualEffectGraphs":true,"m_FxEnabled":true},"in2DMode":false,"pivot":{"x":48.17795181274414,"y":-1.4726743698120118,"z":9.012567520141602},"rotation":{"x":-0.006033984012901783,"y":0.9912465214729309,"z":-0.1225418820977211,"w":-0.048813436180353168},"size":2.4860825538635256,"orthographic":false}