{"cameraMode":{"drawMode":0,"name":"Shaded","section":"Shading Mode"},"sceneLighting":false,"audioPlay":false,"sceneViewState":{"m_AlwaysRefresh":false,"showFog":true,"showSkybox":false,"showFlares":true,"showImageEffects":true,"showParticleSystems":true,"showVisualEffectGraphs":true,"m_FxEnabled":true},"in2DMode":false,"pivot":{"x":34.2400016784668,"y":-2.8467416763305666,"z":4.511955261230469},"rotation":{"x":-0.04795991629362106,"y":-0.029961269348859788,"z":-0.0014405560214072466,"w":0.9984018802642822},"size":1.3526808023452759,"orthographic":true}